,,,,,,,,,,
,,number,category,brand,model,item,price,retail price,price 6,link
,,9BUPSFT1030U,? ? ? ?,??,FT-1030-U,????? ??? UPS 3kVA,20000,31000,17000,
,,9BUPSFT130HU,? ? ? ?,??,FT-130H-U,????? ??? UPS 3kVA?110V?,22000,35000,18700,
,,9BUPSFT630HU,? ? ? ?,??,FT-630H-U,????? ??? UPS 3kVA??????,25000,38400,21058,
,,9BUPSFT630HUL,? ? ? ?,??,FT-630H-U-L,????? ??? UPS 3kVA?????DC24V?,26500,32000,23690,https://drive.google.com/file/d/12tHMzWJBCY-adUnVQpuCN4coselZb0CY/view
,,9BUPSFT620HUL,? ? ? ?,??,FT-620H-U-L,????? ??? UPS 2kVA?????DC24V?,19500,32400,17216,
,,9BUPSFT610HUL,? ? ? ?,??,FT-610H-U-L,????? ??? UPS 1kVA?????DC24V?,13000,15000,11495,
,,9BUPSFT630H,? ? ? ?,??,FT-630H,????? ??? UPS 3kVA??????,19500,31800,16737,
,,9BUPSFT610H,? ? ? ?,??,FT-610H,????? ??? UPS 1kVA??????,9000,12600,6910,
,,9BUPSFT620HL,? ? ? ?,??,FT-620H-L,????? ??? UPS 2kVA?????DC24V?,15900,25000,14282,
,,9BUPSFT610HL,? ? ? ?,??,FT-610H-L,????? ??? UPS 1kVA?????DC24V?,12500,21000,11159,
,,9BUPSFT640HL,? ? ? ?,??,FT-640H-L,????? ??? UPS 4kVA?????DC36V?,35000,48700,26705,
,,9BUPSFT630HL,? ? ? ?,??,FT-630H-L,????? ??? UPS 3kVA?????DC24V?,19200,23000,17548,
,,9BUPSFT6030L,? ? ? ?,??,FT-6030-L,????? ??? UPS 3kVA?????DC24V?,18500,23000,16000,
,,9BUPSFT6020L,? ? ? ?,??,FT-6020-L,????? ??? UPS 2kVA?????DC24V?,14500,25000,12889,
,,9EUFFFT110H,? ? ? ?,??,FT-110H,????? ??? UPS 1kVA,9071,12700,6755,
,,9BUPSFT1030,? ? ? ?,??,FT-1030,????? ??? UPS 3kVA,18000,28000,16451,
,,9BUPSFT130H,? ? ? ?,??,FT-130H,????? ??? UPS 3kVA?110V?,18500,31200,17109,
,,9BUPSFT110TT,? ? ? ?,??,FT-110T-T,????? ??? UPS 10kVA???????,80000,122000,68309,
,,9BUPSFT114U110V,? ? ? ?,??,FT-114U,????? ????? UPS 10kVA?110V?,110000,170000,92000,
,,9EUFFFT1000BS,? ? ? ?,??,FT-1000BS(FT-TS10H),????? ????? UPS 1kVA,3000,4200,2234,https://drive.google.com/file/d/12VNBs6llyszl-OSNKNX0mfK9RiZxIHBT/view
,,9EUFFFT1500BS,? ? ? ?,??,FT-1500BS(FT-BS15H),????? ????? UPS 1.5kVA,6114,8560,4553,
,,9EPLK12HD,? ? ? ?,??,LK-12HD,12M????????????????,1200,1800,958,https://drive.google.com/open?id=1pt-_dXUcHTMROTCXuiQMevO_mS4u7FmG&usp=drive_copy
,,???,? ? ? ?,??,LK-15H,15M?????????,???,???,???,https://drive.google.com/open?id=1PgR_AnA2BAO4it4ZRnbES34CPPNubjGC&usp=drive_copy
,,???,? ? ? ?,??,LK-15HDI,15M???????????,1200,???,???,https://drive.google.com/open?id=1ew27gL3LxW6jqDb0t786oKMtMXH8nVaI&usp=drive_copy
,,9EPLK105A3M,? ? ? ?,??,LK-105A-3M,3M????????,33000,46000,26500,https://drive.google.com/open?id=19jG6ADkUQG-9RRiNXmNtsaVryKmDEpYA&usp=drive_copy
,,9EPLK105A4M,? ? ? ?,??,LK-105A,4M?????,4113,6000,3290,https://drive.google.com/open?id=1x_XFYD2Pgdj6K4tOGiv1Sm89zxUwgrtH&usp=drive_copy
,,9EPLK105A,? ? ? ?,??,LK-105A-4M,4M????????,33200,50000,26600,https://drive.google.com/open?id=15SPqGysDX5dB-10TbROsWaoj2QVgYehA&usp=drive_copy
,,9EPLK105A5M,? ? ? ?,??,LK-105A-5M,5M????????,35000,50000,27418.29,https://drive.google.com/open?id=12bXCn8fom56kkVsxb8Ihvjtb0bNeJkjB&usp=drive_copy
,,9EPLK7HR,? ? ? ?,??,LK-7HR,7M??????????????,1143,1600,895,https://drive.google.com/open?id=1GTQ-YXkMOrYl58pnnJYSbnF-6qWEKt4L&usp=drive_copy
,,9EPLK107AL,? ? ? ?,??,LK-107AL,LED???????,1000,1440,790,https://drive.google.com/open?id=1hab0rI2qBonK3-lwVMGe0MmXGw3XprsL&usp=drive_copy
,,9EPLK107L,? ? ? ?,??,LK-107L,LED?????,743,1040,553,https://drive.google.com/open?id=1e1_VAhSTbaLuwEPt465OgObWg8WaGB4d&usp=drive_copy
,,???,? ? ? ?,??,LK-CX-97RN,?????CO?+???GAS???????,???,???,???,https://drive.google.com/open?id=1bWCrsAkcsweVLuGaqBI4PIXOzua1BFgy&usp=drive_copy
,,9EGLKCX96RN,? ? ? ?,??,LK-CX-96RN,?????CO????,2143,3000,1645,https://drive.google.com/open?id=1gL_TgfstLF810K_aA04krFZlW6MzLBTY&usp=drive_copy
,,9EALKAT840,? ? ? ?,??,AT-840,?????????????????,357,500,266,https://drive.google.com/open?id=1AEzmEBZfhUkBMCjHbubH7EFcu2GAvEhd&usp=drive_copy
,,???,? ? ? ?,??,AT-860,?????????,???,???,???,https://drive.google.com/open?id=1F2W2WZ-x0FBInJs_DCykhJmHbLi1wZ8F&usp=drive_copy
,,9EPLK72RH,? ? ? ?,??,LK-72RH,?????????+???+?????,286,400,213,https://drive.google.com/open?id=1V2wXrJ5dFeZdRgze8Nv5ppJ9xIbOw4-S&usp=drive_copy
,,9EPLK106ST,? ? ? ?,??,LK-106ST,???????????????,6857,9600,5106,https://drive.google.com/open?id=1yEAhAq9J7iajpOVeeAB_zOtnr8V9HpwM&usp=drive_copy
,,9EPLK106PC,? ? ? ?,??,LK-106PC,????????????,3990,6000,3192,https://drive.google.com/open?id=1F3ROQQ3z9P4ejWm82tYkDTcVNmRhmdID&usp=drive_copy
,,9EPLK121,? ? ? ?,??,LK-121,?????,3632.92,5000,2906.34,https://drive.google.com/open?id=1icPhhJ-DEJuttloEsY53ixVNXXqDofVz&usp=drive_copy
,,9EPLK200A,? ? ? ?,??,LK-200A,??????,30160,44000,24128,https://drive.google.com/open?id=1j1c9T9pbay1Ja7VeSEqcOW37IculmgqN&usp=drive_copy
,,9EPLK104PS,? ? ? ?,??,LK-104PS?LED?,????LED??????,5000,7000,4137,https://drive.google.com/open?id=1SX09nv16kpPbZN5FkfCzsHw3gY3JEILl&usp=drive_copy
,,9EPLK104PSST,? ? ? ?,??,LK-104PS?ST??LED?,????LED???????,5985,6650,4788,https://drive.google.com/open?id=1XLhY1w_KM-Iyw9Bf59SZJoQ_-TwoSKS2&usp=drive_copy
,,9EGLK680N110V,? ? ? ?,??,LK-680N,???????,617,900,494,https://drive.google.com/open?id=1zAXYgyi77qR95rdzOfKoWnCnTHuXcyW_&usp=drive_copy
,,9EPLK104PS,? ? ? ?,??,LK-104PS??????,????,5000,7000,4137,https://drive.google.com/open?id=1D0B3vdUZYEHdTis7OCgVj4EbGar3fPq5&usp=drive_copy
,,???,? ? ? ?,??,LK-10H,???????????????,???,???,???,https://drive.google.com/open?id=18zHdE7SqYwgYWGGc1zro8jBQev9RFZbj&usp=drive_copy
,,9EPLK108,? ? ? ?,??,LK-108,?????,925.37,1200,740.29,https://drive.google.com/open?id=1fpKeuQEEmrVADfNAL2PzDqr0QLeLoyOC&usp=drive_copy
,,9EPLK109,? ? ? ?,??,LK-109,????????,4000,6000,3200,https://drive.google.com/open?id=1V9E8eLxc3kpQNbOH4qvXxUbFAVcTmWcJ&usp=drive_copy
,,9EPLKLK1092,? ? ? ?,??,LK-109-2,????????,6169,9000,4935,https://drive.google.com/open?id=1Z4CKN4Bmn_IYxTyxIveAGcI43e5U-gKb&usp=drive_copy
,,9EALK2008,? ? ? ?,??,LK-2008,?????????????,3632.92,5000,2906.34,https://drive.google.com/open?id=1anI9qfOVlL4RWPdk2LF1qqHVUGPi1b7h&usp=drive_copy
,,9EPLK109L,? ? ? ?,??,LK-109L,???? ,31,44,23,https://drive.google.com/open?id=1g_UvSXtL8wDoWlXLEeAOh50PS21ycd2o&usp=drive_copy
,,9EPLK109L610,? ? ? ?,??,LK-109L.610,???? 610M,28,39,22,https://drive.google.com/open?id=1SMBFQFm_-J1dukMh-R5mMYs-BkvhoprW&usp=drive_copy
,,9EALK101PN,? ? ? ?,??,LK-101PN,????????,286,400,213,https://drive.google.com/open?id=1rTvBMEWcr7Cm5QszU_u4LWwcWwXepx65&usp=drive_copy
,,9EPLK100S1,? ? ? ?,??,LK-100S1,???????,3427,5500,2742,https://drive.google.com/open?id=1alaCxek2mrVkcrmWSurXZWSU9d9YdyBN&usp=drive_copy
,,9EPLK201RH1,? ? ? ?,??,LK-201RH1,??????? ? ? ????? ,1143,1600,851,https://drive.google.com/open?id=19maTu4dNe195V4suJNeyn0EN9Md_O2ZJ&usp=drive_copy
,,9EPLK201RH,? ? ? ?,??,LK-201RH,??????????????,4655,8000,3725,https://drive.google.com/open?id=11ctwg_BUG7l6lL6Wk7h9t3qfIHrExukY&usp=drive_copy
,,9EGLKLK46001,? ? ? ?,??,LK-4600-1,????????????????,286,400,213,https://drive.google.com/open?id=1xeMZK9ju1PQVLRQjVtB8K_JKHnrFrayy&usp=drive_copy
,,9EGLKLK4500A2,? ? ? ?,??,LK-4500A-2,??????-?????????,274,300,219,https://drive.google.com/open?id=1hKRyjaxcRIJe5XtoP98tXDSPCn_tkX4q&usp=drive_copy
,,9EGLKLK4700AN0,? ? ? ?,??,LK-4700AN,??????-????????,642,900,479,https://drive.google.com/open?id=1sihf9nVQRNc61-rOJZ5KXnu0tBPKOdFF&usp=drive_copy
,,9EGLKLK4700AN,? ? ? ?,??,LK-4700AN,??????-???,571,800,426,https://drive.google.com/open?id=1i6MYm0W39Fr_ieKXtPwoxKOygCjCd8Oz&usp=drive_copy
,,9EGLKLK4800A,? ? ? ?,??,LK-4800A,??????-???,754,1100,603,https://drive.google.com/open?id=1Jl1PQwikyKGDky6vXbhQ5TzHPEekOaQU&usp=drive_copy
,,9EGLKLK4600AN,? ? ? ?,??,LK-4600AN,??????-????????,199,240,159,https://drive.google.com/open?id=1r3adBEKkOwouyDHF6Jcvy2M8L5llw_ig&usp=drive_copy
,,9EGLKLK4600AN2,? ? ? ?,??,LK-4600AN-2,??????-???,286,400,213,https://drive.google.com/open?id=11wk7rMkLXLlah34MDCGS2xSjdTHscLgy&usp=drive_copy
,,9EGLKLK4500AL,? ? ? ?,??,LK-4500AL,??????-?????,357,500,266,https://drive.google.com/open?id=1u-Ot8ebay4w1lH6JBy9s3sz0UcDx8kji&usp=drive_copy
,,9EGLKLKV01,? ? ? ?,??,LK-V01,???????,2143,3000,1596,https://drive.google.com/open?id=1qkiFBB0gXlCCsJeOnXJq6gWVBq5OAd2L&usp=drive_copy
,,9EALK102RMP,? ? ? ?,??,LK-102RMP,??????102RCP?,286,400,213,https://drive.google.com/open?id=1j85-IV1SoKwybvbfqiJCzfqoFxMdea15&usp=drive_copy
,,9EALK102RM2P,? ? ? ?,??,LK-102RM+2PN,??????2????????,1214,1700,952,https://drive.google.com/open?id=1eERpN5lOzffCaBhXP7F9hP6EPTSUPzDQ&usp=drive_copy
,,9EALK102RM,? ? ? ?,??,LK-102RM,????,929,1300,692,https://drive.google.com/open?id=1pCUyX3-_Mnq8Gm_JkdYFr_YRJeE2u2ct&usp=drive_copy
,,9EPLK201SP,? ? ? ?,??,LK-201SP,???,533,800,426,https://drive.google.com/open?id=1MdzZ0vUYiylJY_HmxIFq2QB7mKgOKGzw&usp=drive_copy
,,9EALK95DC24,? ? ? ?,??,LK-95,????????12V?,400,560,310,https://drive.google.com/open?id=12ZhOw617D6mfMZRGhHmLEoS8NQ78gf7I&usp=drive_copy
,,9EALKLK95,? ? ? ?,??,LK-95,????????24V?,377,500,302,https://drive.google.com/open?id=12ZhOw617D6mfMZRGhHmLEoS8NQ78gf7I&usp=drive_copy
,,9EPLK103,? ? ? ?,??,LK-103,??????,3325,5500,2660,https://drive.google.com/open?id=1KvaX-DBWxUSS648J9vAEAQZtFw9j5rQf&usp=drive_copy
,,9EGLK201RH3,? ? ? ?,??,LK-201RH3,????????????,2571,3600,1915,https://drive.google.com/open?id=1I9TQ_OG5ZijHxqXkvZhrilzUatkV8n1z&usp=drive_copy
,,9EPLK201RHC,? ? ? ?,??,LK-201RHW,??????(??),5000,7000,3723,
,,9EPLK201RHW,? ? ? ?,??,LK-201RHC,????/????,5000,7000,3725,
,,9EASYAR1201A,? ? ? ?,??,A3P-1200200VU,??????????AR-0600M?,1429,2000,1064,https://drive.google.com/open?id=1MluZeFr2jKa6NviJG9TjDuKTD99h_2qV&usp=drive_copy
,,9EASYAR600MDB,? ? ? ?,??,AR-0600M-270,600P???,3701,5400,2961,https://drive.google.com/open?id=1_U4BujhD6PSH2Kkcik_u4G2syupI5Z_N&usp=drive_copy
,,9EASYAR600MDB,? ? ? ?,??,AR-0600M-DB,600P???????,3701,5400,2961,https://drive.google.com/open?id=1j-w2xAmnkA1QEHWSRUTZVOSupAzrrDwF&usp=drive_copy
,,9EYSYAR0600MZL,? ? ? ?,??,AR-0600MZL,600P???????,754,1000,603,https://drive.google.com/open?id=10FTDpjSo9ZsbsGIRY_PybyGVVMyc7X_u&usp=drive_copy
,,9EASYAR1200M,? ? ? ?,??,AR-1200M,1200P???,2286,3200,1890,https://drive.google.com/open?id=1hjqJU1dN2JNrUYGpnbAQm0Z0sGAaro4R&usp=drive_copy
,,9EYSYAR1200MZL,? ? ? ?,??,AR-1200MZL,1200P???????,786,1100,611,https://drive.google.com/open?id=14yhI4EQk3-hm5izUrTaYFjq7lnj9pU2x&usp=drive_copy
,,9EASYAR1207A,? ? ? ?,??,AR-1207A,????????,1600,2000,1152,https://drive.google.com/open?id=14NEKvEfDHV-5qia8d1bsUtixNgMkYPJx&usp=drive_copy
,,9EGSYAR1213P,? ? ? ?,??,AR-1213P,???,343,440,274,https://drive.google.com/open?id=15DPfRhL-iaqewyzbWTOWIocvuyw0W7ji&usp=drive_copy
,,9EASYAR401IO0016RM,? ? ? ?,??,AR-401-IO-0016R-X,16????????????,3427.29,4520,2741.83,https://drive.google.com/open?id=1s4am_VY5Clk0vkZV1rVJOUYzASL9sij6&usp=drive_copy
,,9EASYAR401IO0016RX,? ? ? ?,??,AR-401-IO-0016R-M,16?????,2468,3600,1974,https://drive.google.com/open?id=1gTTZk1la4HP4NtQyF9ladVUnQF5ZNo8m&usp=drive_copy
,,9ESYAR403MO,? ? ? ?,??,AR-403MO4DI4,???I?O,660,760,528,https://drive.google.com/open?id=1fsFq-mLyKYorIUl1y-AS_3LYn104gZ1t&usp=drive_copy
,,9EASYAR716E18MA,? ? ? ?,??,AR-716-E18-M-A,????????18??,8637,12600,6909,https://drive.google.com/open?id=1JE_ZLsfU0SWC42pxh5C5X2ZOWIy2wBfi&usp=drive_copy
,,9ESAR321L485,? ? ? ?,??,AR-321L485-5V,TTL?RS-485????5V?,400,600,339,https://drive.google.com/open?id=1Zk9Qcm6o_UKIfF5bYmx83ou4AmpTqOLK&usp=drive_copy
,,9EAMCAR485REPV3,? ? ? ?,??,AR-485REP-V3,????RS485?????,1429,2000,1064,https://drive.google.com/open?id=1JZmlqSxrm7jGeiuNe_S8c_faMl27MyaX&usp=drive_copy
,,9EBAESY727CMV3,? ? ? ?,??,AR-727-CM-485,?????????,1530,2250,1300,https://drive.google.com/open?id=1EBGMfDp_W3XFP8YSXBpxo2SwuICyUB4a&usp=drive_copy
,,9EAMC888WDR11B7,? ? ? ?,??,AR-888-WDR11B7,???(RF Card),1439.46,2100,1151.57,https://drive.google.com/open?id=15lAMhL6wpGa-UnOnYEXXZdzKGuxmdW8t&usp=drive_copy
,,9EPSYAR661UGV3,? ? ? ?,??,AR-661UG,e-Tag Tools ????,25714,36000,19741,https://drive.google.com/open?id=15NZo5tLJ522CyGnTDbEMF8v8hBfs2SEh&usp=drive_copy
,,9ESAR661UGL,? ? ? ?,??,AR-661UG-L,e-Tag ???UHF??????? ,17143,24000,12765,https://drive.google.com/open?id=1Lotr7bPT7UV-pJM0K0x0MNttxgRMesDm&usp=drive_copy
,,9ESAR661UGV2,? ? ? ?,??,AR-661UG(V2),e-Tag ???UHF??????? ,17143,24000,12765,https://drive.google.com/open?id=10zNVcf0lwWav2ymZFVtibw8v36Lb_eUy&usp=drive_copy
,,9EASY721HDR1N21,? ? ? ?,??,AR-725-E,?????????,1357.14,1900,1041.9,https://drive.google.com/open?id=1f-YHlb1IEKlqXyCqXy2nTKcOcrLOYD_N&usp=drive_copy
,,9EAMCAR721KDX3N21,? ? ? ?,??,AR-721K,???????,1015,1480,812,https://drive.google.com/open?id=1JT4RdNyIgLtWOGcbTv11STPF2Psh3x2s&usp=drive_copy
,,9ESAR721HBR,? ? ? ?,??,AR-721HDR1N21,???????13.56MHz+RTC+485???,2062,???,1675,https://drive.google.com/open?id=1BMIGa67UKQf8XwG6fl1L6U0VUf915uCT&usp=drive_copy
,,9ESAR721HDR,? ? ? ?,??,AR-721,???????125KHz?,1357,1900,1011,https://drive.google.com/open?id=1stWIetIYYNxPZXsUEEw8DVcZox9Em5F6&usp=drive_copy
,,9ESAR721HDRBK,? ? ? ?,??,AR-721,???????13.56MHz?,1356,80,1085,https://drive.google.com/open?id=18pCOQ4rP45BibNjv3l_WIVPyJIkjUcIl&usp=drive_copy
,,9ESAR721HDRBK,? ? ? ?,??,AR-721,???????13.56MHz???,1356,80,1085,https://drive.google.com/open?id=1zz0U1eD5u9PjWAd6ms0wbHTitDu6n72O&usp=drive_copy
,,9EAMCAR837EF9BR,? ? ? ?,??,AR-837-EFD9DO,???????????????9DO?,8225.49,11140,6580.39,https://drive.google.com/open?id=1rDigtYX0orlDPyvf-1YqOKotkiwwQBBF&usp=drive_copy
,,9EASYAR837EI,? ? ? ?,??,AR-837Ei,?????????,3600,5000,3203,https://drive.google.com/open?id=1zlc3KwPTXnvSLJYrsEckfd-ekkz9UAgD&usp=drive_copy
,,9EAMC888HDR11B7,? ? ? ?,??,AR-888-HDR11B7,????????,2100,2940,1564,https://drive.google.com/open?id=1YaLtVXjIZhgauMXMqX6OVj4WQ3EW41pZ&usp=drive_copy
,,9EASYARPBI888US,? ? ? ?,??,AR-888-PBI-US,??????????,699,1020,559,https://drive.google.com/open?id=1RQYBMPiF_-pFolSz96_X1lsixINa30Oj&usp=drive_copy
,,9ESAR3W50F,? ? ? ?,??,AR-TAGCI3W50F-MF06,??? ISO ??,26,36,20,https://drive.google.com/open?id=1i85gdmJqWdBjXhDPoMy0PjcukaH9dAJV&usp=drive_copy
,,9ESAR73W20F,? ? ? ?,??,AR-TAGCI73W20F-MF06,??? ??????-????,26,36,20,https://drive.google.com/open?id=1Yo523e5cY7rhQC3PPsUbFveQpkqmOUHK&usp=drive_copy
,,9EPSAARTAGT99,? ? ? ?,??,AR-TAGCI8W50F,e-Tag 860?960MHz UHF?ISO???,46,64,34,https://drive.google.com/open?id=1KPmelVkJtYKauyqYfAqDi2FrYSqs1Rnm&usp=drive_copy
,,9ESARTAGCI8W50F,? ? ? ?,??,AR-TAGT99WO1F,e-Tag 860?960MHz UHF????,57,80,45,https://drive.google.com/open?id=1szeuimVUoDQJrPYSrW2X9A0xlRi9GCTq&usp=drive_copy
,,9ESYARTAGK33W20FMF06,? ? ? ?,??,AR-TAGK33W20F-MF18,Mifare????????,21,30,17,https://drive.google.com/open?id=1BkgX3z5rdZ_nImU4ctGjfDR9P2D93qbN&usp=drive_copy
,,9EASY33W20FMF18,? ? ? ?,??,AR-TAGK33W20F-MF06,Mifare????????,32,40,25,https://drive.google.com/open?id=15_6yIwWiQLPQmOvHH_W0EFd51fjcX7Bp&usp=drive_copy
,,9EASYPB7ABRSE,? ? ? ?,??,AR-PB-7A-GR-SN,???????GR,357,500,280,https://drive.google.com/open?id=1Hzkm22hp_-L5VeYGe0l8oIa2A4Jd871V&usp=drive_copy
,,9EASYARPB7AGRSN,? ? ? ?,??,AR-PB-7A-BR-SE,???????BR,357,500,266,https://drive.google.com/open?id=1PzrIKxTbHXs3MbYY2Ri0u14wFlKNgVE4&usp=drive_copy
,,9EASYPB2072122,? ? ? ?,??,AR-PB2-072122,????????US?,452.4,560,361.92,https://drive.google.com/open?id=1L_pmgbM38C7XZXuXDUatZKN8GX8T4ouQ&usp=drive_copy
,,???,? ? ? ?,??,AR-PB2-041108,?????????????,???,???,???,https://drive.google.com/open?id=1NAQG23UROwcQ5KPIBzPO8AdV3M6a30Q-&usp=drive_copy
,,9EASYAR101PBIGR7A,? ? ? ?,??,AR-101-PBI-GR-L-7M E5,????????7M,521,760,417,https://drive.google.com/open?id=1LGSWlH-_upwZE4Ru6r4zyUv4U88S2au1&usp=drive_copy
,,9EASYAR101PBIGR,? ? ? ?,??,AR-101-PBI-GR-L-9M E5,????????9M,500,700,420,https://drive.google.com/open?id=1YdLM8kEr0ZRtT-DaLEY7ZQXG99Ij83vq&usp=drive_copy
,,9EASYDMETPBS,? ? ? ?,??,DMET-PB,???????????,71,100,53,https://drive.google.com/open?id=1CfNEMv4qCkGTjBH86qy5waAwAaA-1XI4&usp=drive_copy
,,9EASYDPLAPBS,? ? ? ?,??,DPLA-PB,??????????,143,200,109,https://drive.google.com/open?id=1ER9B4RbxFdtByusfQY8emuesbh7Dqkxl&usp=drive_copy
,,9EYMYLRS10012,? ? ? ?,??,LRS-200-24,????? 24V8.8A,356.44,520,285.15,
,,9EYMYLRS10015,? ? ? ?,??,LRS-150-24,????? 24V6.5A,600,840,460,
,,9EYMYLRS10024,? ? ? ?,??,LRS-100-24,????? 24V4.5A,486,680,373,
,,9EYLRS15012V,? ? ? ?,??,LRS-75-15,????? 24V3.2A,466,680,373,
,,9EYMWLRS15015,? ? ? ?,??,LRS-50-24,????? 24V2.2A,562.08,720,449.66,
,,9EYLRS15024V65A,? ? ? ?,??,LRS-100-15,????? 15V7A,857.14,1200,658,
,,9EYLRS20024V88A,? ? ? ?,??,LRS-75-24,????? 15V5A,629,880,468,
,,9EYLRS2512V2A,? ? ? ?,??,LRS-150-15,????? 15V10A,243,340,188,
,,9EYMYLRS35012,? ? ? ?,??,LRS-150-12,????? 15V10A,1110,1619,888,
,,9EYLRS6512V3A,? ? ? ?,??,LRS-100-12,????? 12V8.5A,357,500,266,
,,9EYLRS45012,? ? ? ?,??,LRS-75-12,????? 12V6A??????,1375,1880,1031,
,,9EYLRS5012V42A,? ? ? ?,??,LRS-50-12,????? 12V4.2A,321,450,266,
,,9EYLRS5024V22A,? ? ? ?,??,LRS-35-12,????? 12V3A,279,390,216,
,,9ZASMWLRS7512,? ? ? ?,??,LRS-450-12,????? 12V37.5A,420,500,360,
,,9EYLRS7515V5A,? ? ? ?,??,LRS-25-12,????? 12V2A,400,500,274,
,,9EYMWLRS7524V32A,? ? ? ?,??,LRS-350-12,????? 12V29A,315,460,252,
,,9CWCJES3205P,? ? ? ?,??,ES-3205P,5??????,293,???,263.96,https://drive.google.com/open?id=1WqdrYESVp5mx83fV7zUfbpo1bepUQpjq&usp=drive_copy
,,9CWCJGS1105PE,? ? ? ?,??,GS-1105PE,5?Gigabit PoE+ ???,1920,2950,1630,https://drive.google.com/open?id=18oN5UrmHMCeHGL_9vrJRK-hfIZn-t_Yi&usp=drive_copy
,,9CWCJGS1024,? ? ? ?,??,GS-1024,24?Gigabit ?????,2100,3250,1966,https://drive.google.com/open?id=1UrfkzknNrYBb-L1batwSCFRZB487ZD_g&usp=drive_copy
,,9CWCJGS1008PLV2,? ? ? ?,??,GS-1008PL V2,8?Gigabit PoE+ ???,2750,3670,2467,https://drive.google.com/open?id=1f9iVZiOi12Ol6vvebSDFOI_Ve_8AAL-E&usp=drive_copy
,,9CWCJGS5008E,? ? ? ?,??,GS-5008E,8?Gigabit ????????,1035,1480,916,https://drive.google.com/open?id=1jFnMNC0XpjEs9nq556d_n3WksOwzlNDV&usp=drive_copy
,,9CWCJGS5208PLG,? ? ? ?,??,GS-5208PLG,8?Gigabit ?????PoE???,5000,7800,4600,https://drive.google.com/open?id=1G_ptuq_4gRoJLnKDOMvQDl2Va69HPSmH&usp=drive_copy
,,9CWCJGS5210PLMIT,? ? ? ?,??,GS-5210PLG,10?Gigabit ?????PoE???,6850,9750,5920,https://drive.google.com/open?id=17jOt7NoSQeZoGIZ_wPzlqgaKmrU3qYdx&usp=drive_copy
,,9CWCJIGS1105P,? ? ? ?,??,IGS-1105P,5?????????PoE+???,4300,6760,3597,https://drive.google.com/open?id=14qQoIpyP8sqRtbA5g8Br-k6-_5gm-skV&usp=drive_copy
,,9CWCJIGS1210PV2,? ? ? ?,??,IGS-1210P,10?????????PoE+?????,5500,8700,4640,https://drive.google.com/open?id=1C7GrlKE1WpnnFNgPXzbJGDQ06SJK1KuN&usp=drive_copy
,,9CWCJGS5216PLC,? ? ? ?,??,GS-5216PLC,16?Gigabit +2? Gigabit RJ45+SFP ?????PoE???,10500,17600,9408,https://drive.google.com/open?id=1FN6rZ8Ff9YA_hgcUxg7GBwrVXxwRipLk&usp=drive_copy
,,9CWCJGS5216PLCV2,? ? ? ?,??,GS-5216PLC V2,16?Gigabit L2 ??? PoE+ ?????,10500,17600,9509,https://drive.google.com/open?id=1gxtcm4saVFNOcDJ_PLzSTJ-ga2O87zYF&usp=drive_copy
,,9CWCJGS1016V2,? ? ? ?,??,GS-1016 V2,16?Gigabit ?????,1750,2680,1601,https://drive.google.com/open?id=1ZyP56sa6NBm_eWXOKPIUTNU7hpqo-rJb&usp=drive_copy
,,9CWCJGS1026V2,? ? ? ?,??,GS-1026 V2,24?Gigabit + 2?SFP??????,2900,4990,2547,https://drive.google.com/open?id=1cjUXzfuMIEfhQ7XmabRr-eK0quagDmie&usp=drive_copy
,,9CWCJGS5424PLCV3,? ? ? ?,??,GS-5424PLC V3,24?Gigabit + 4?10G SFP+ PoE?????,14500,23500,12590,https://drive.google.com/open?id=18L74LZYjychwnPv-slr6wOejnfPyfbTH&usp=drive_copy
,,9CWCJGS5424PLX,? ? ? ?,??,GS-5424PLX,24?Gigabit + 4?Gigabit RJ45/SFP PoE?????,16500,27500,14541,https://drive.google.com/open?id=1Jznth1I-v1pPyVYMhI5IbZo2VOXMPxEC&usp=drive_copy
,,9CWCJGS5424G,? ? ? ?,??,GS-5424G,24?Gigabit + 4? SFP ????????????,5300,8040,4880,https://drive.google.com/open?id=1lhA1aMlNZP-GCpUBbzj17K7a9LNWL3fe&usp=drive_copy
,,9CWCJFS5428X,? ? ? ?,??,FS-5428X,28?Gigabit SFP???L2+?????,70000,54000,60320,https://drive.google.com/open?id=1ZaG9iw5hDjFnTVWw1DZGT3gHq6ENEYo5&usp=drive_copy
,,9CWCJCAP300,? ? ? ?,??,CAP300,300Mbps ??PoE??????,2050,4200,1656,https://drive.google.com/open?id=1NcFJgKHI3cozKRrRaC94zQIymzc620rK&usp=drive_copy
,,9CWCJGS5654LXMIT,? ? ? ?,??,GS-5654LX,48?Gigabit + 6?10G SFP+ ?????,22000,43500,17548,https://drive.google.com/open?id=1f_2qPKJyK-ZvZyzKxkTc6rm37yI4m-pY&usp=drive_copy
,,9CWCJBR6478ACV2,? ? ? ?,??,BR-6478AC V2,AC1200 VPN Gigabit ? ? ? ????,1500,1700,1211,https://drive.google.com/open?id=158kbBs0ZrxHuRF9lDSli-7_vxkqKdQ2g&usp=drive_copy
,,9CWCJIAP1200,? ? ? ?,??,IAP1200,AC1200 ???PoE?????,2800,5150,2530,https://drive.google.com/open?id=1weAicx7Coy4dRyT1ci7sFxfg6ckbed-i&usp=drive_copy
,,9CWCJCAP1200,? ? ? ?,??,CAP1200,AC1200 ???????????,3850,6000,3105,https://drive.google.com/open?id=1nigX4Te0Df1jCbfqLV6z-CP7WLMSkyYs&usp=drive_copy
,,9CWCJOAP1300V2,? ? ? ?,??,OAP1300 V2,AC1300 Wave2 ???PoE?????,6100,9850,5319,https://drive.google.com/open?id=1gTavCpNrwP9WllgbLKnMT--_9JFbuZtS&usp=drive_copy
,,9CWCJCAP1300,? ? ? ?,??,CAP1300,AC1300 Wave2 ???????????,3250,6600,2688,https://drive.google.com/open?id=1aSVBz5oedPijaF1vXXGiPRa6iLghkwKI&usp=drive_copy
,,9CWCJOAP1750,? ? ? ?,??,OAP1750,AC1750 ?????PoE?????,24000,35900,21386,https://drive.google.com/open?id=1Bx0_cPf3qopKpY87PgnK-mDH9p8dgf3w&usp=drive_copy
,,9CWCJRG21S,? ? ? ?,??,RG21S,AC2600 MU-MIMO ???????????,1800,5040,1610,https://drive.google.com/open?id=1ee-4pTXU6ZTrjLLRXli05VUtaFgzAgkK&usp=drive_copy
,,9CWCJBR6288ACL,? ? ? ?,??,BR-6288ACL,AC600 ?????????,550,745,500,https://drive.google.com/open?id=1Y3oXU13OAFyn6l3nHg0joRFZoZd2tBP2&usp=drive_copy
,,9CWCJBR6208AC,? ? ? ?,??,BR-6208AC,AC750 ????????????,780,1360,700,https://drive.google.com/open?id=1T9WcXy9DMGWmYGi7dPTbhIubyKcrynn3&usp=drive_copy
,,9CWCJOAP900,? ? ? ?,??,OAP900,AC900 ??????????,6280,9850,4895,https://drive.google.com/open?id=1C3JmNCJRG6PzJqW1J_0IKB2bKaeA04tu&usp=drive_copy
,,9CWCJCAX1800,? ? ? ?,??,CAX1800,AX1800 Wi-Fi6?????PoE?????,4700,7950,4133,https://drive.google.com/open?id=10nibKhMDp7DQi-xrzOrN2v9XbcJX1g5w&usp=drive_copy
,,9CWCJGP101IT,? ? ? ?,??,GP-101IT,PoE ?????,800,1270,707,https://drive.google.com/open?id=1A8BxlJdCkTDN27RSFHe9M5wGkV_AsC5A&usp=drive_copy
,,9CWCJFR100,? ? ? ?,??,FR-100,????????????,12500,18000,10616,https://drive.google.com/open?id=1Hv9uby9yfj6iUHYtpDHuypqxjC3V4iIM&usp=drive_copy
,,9CWCJFR200,? ? ? ?,??,FR-200,????????????,65000,79000,51546,https://drive.google.com/open?id=1PSMI7BAbCHA-4lcmJp2QhkKg6FROezW1&usp=drive_copy
,,9CWCJES5104PHV2,? ? ? ?,??,ES-5104PH V2,???5?PoE+?????????,1530,1950,1367,https://drive.google.com/open?id=1TNsLEIqSkGhWsa6HGyi11A-xrSjCK6Hj&usp=drive_copy
,,9CWCJES1008PV2,? ? ? ?,??,ES-1008PH V2,???8?PoE+?????????,3360,4200,2963,https://drive.google.com/open?id=1KXGvyURlqRpQb1Yf1Dm7nnSRH8pVc3t1&usp=drive_copy
,,9CWCJAPC500,? ? ? ?,??,APC500,????????,7600,8900,6800,https://drive.google.com/open?id=1ZcqhEDhEyMVoupn8RBiuD1wRZolo2VWu&usp=drive_copy
,,9CWCJMG1000AS1V2,? ? ? ?,??,MG-1000AS1 V2,???SFP??,650,900,576,https://drive.google.com/open?id=11gBT_17n9d__gbUs1wdGKckW3E_OVvNN&usp=drive_copy
,,9VCGSAVH1109AXU1,? ? ? ?,??,AVH1109AX-U1,1 HDD+ & 9 CH?PoE 8 CH?NVR,8130,12600,6909,https://drive.google.com/open?id=1JZIZ0DqHKwYBGA94jXmmwm8jbm3BerbF&usp=drive_copy
,,9VCGSAVH2109AX,? ? ? ?,??,AVH2116AX-U1,4 HDD+ & 9 CH?PoE 8 CH?NVR,9040,14000,7677,https://drive.google.com/open?id=14XRAE9VBQXUTuU2wuBMHFgcg1oViscbI&usp=drive_copy
,,9VCGSAVH2109AXU1,? ? ? ?,??,AVH2109AX-U1,3 HDD+ & 9 CH?PoE 8 CH?NVR,9040,14000,7677,https://drive.google.com/open?id=1HBx69GEHcWoQC86oV2akbezrYt8bUbV6&usp=drive_copy
,,9VCGSAVH2117AXU1,? ? ? ?,??,AVH2117AX-U1,6 HDD+ & 9 CH?PoE 8 CH?NVR,14530,21000,12346,https://drive.google.com/open?id=1qoUWVucJSkgGKIYG6TRhlwXoao5Q-_A2&usp=drive_copy
,,9VCGSAVH8516AX,? ? ? ?,??,DGH8516AX(US)-U1,8 HDD+ & 16 CH NVR,14540,20000,10967,https://drive.google.com/open?id=17qn1eBkQ8Fe4aTzS7TiJun_hgOqHQbE-&usp=drive_copy
,,9VCGSAVH8536AIX,? ? ? ?,??,DGH8516AIX(US)-U1,8 HDD+ & 16 CH NVR,23040,34600,19581,https://drive.google.com/open?id=1_4XilTHNt6gIgBhmsZD_n_CKaA38uufs&usp=drive_copy
,,9VCGSAVH8536AX,? ? ? ?,??,DGH8516AX(US)-U1,8 HDD+ & 16 CH NVR,21290,33000,18096,https://drive.google.com/open?id=17qn1eBkQ8Fe4aTzS7TiJun_hgOqHQbE-&usp=drive_copy
,,9VCGSAVH8564AX,? ? ? ?,??,DGH8564AX(US)-U1,8 HDD+ & 64 CH NVR,25430,36000,21608,https://drive.google.com/open?id=1zhGzfkwL3JsFrv27KmB1-P0QzgI0TlxW&usp=drive_copy
,,9VCGSDGM2103SVTS03,? ? ? ?,??,DGM2103SVT,2MP f2.8 Bullet IP Cam,1930,2900,1641,https://drive.google.com/open?id=12o6ZDE6q7n99xr1nZ2ehgGVn01sWlxmw&usp=drive_copy
,,9VCGSDGM2103SVTS04,? ? ? ?,??,DGM2103SVT,2MP f3.6 Bullet IP Cam,1930,2800,1635,https://drive.google.com/open?id=12o6ZDE6q7n99xr1nZ2ehgGVn01sWlxmw&usp=drive_copy
,,9VCGSDGM3104SCTS04,? ? ? ?,??,DGM3104SCT,3MP f2.8 Dome IP Cam,1550,2300,1288,https://drive.google.com/open?id=1ppknaxLYAbrqtO1MJ4DhGCUE9Lxj6x4k&usp=drive_copy
,,9VCGSDGM3104SCTS03,? ? ? ?,??,DGM3104SCT,3MP f3.6 Dome IP Cam,1590,2300,1316,https://drive.google.com/open?id=1ppknaxLYAbrqtO1MJ4DhGCUE9Lxj6x4k&usp=drive_copy
,,9VCGSDGM3202SCTS03,? ? ? ?,??,DGM3202SCT,3MP f2.8 Dome IP Cam,1590,2440,1371,https://drive.google.com/open?id=14ThE6GJwqiIBsmCViELSA5VY5VD2eI_P&usp=drive_copy
,,9VCGSDGM3202SCT,? ? ? ?,??,DGM3202SCT,3MP f3.6 Dome IP Cam,1620,2500,1371,https://drive.google.com/open?id=14ThE6GJwqiIBsmCViELSA5VY5VD2eI_P&usp=drive_copy
,,9VCGSDGM3204SCTS03,? ? ? ?,??,DGM3204SCT,3MP f2.8 Dome IP Cam,1550,2300,1288,https://drive.google.com/open?id=1oqg0z4XrhLPw34zUBKZ4yVtJPLC-yUOx&usp=drive_copy
,,9VCGSDGM3204SCTS04,? ? ? ?,??,DGM3204SCT,3MP f3.6 Dome IP Cam,1590,2300,1316,https://drive.google.com/open?id=1oqg0z4XrhLPw34zUBKZ4yVtJPLC-yUOx&usp=drive_copy
,,9VCGSDGM2443ASVSE,? ? ? ?,??,DGM2443ASVSE,2MP Motorized f2.8-f12mm&F1.6-F2.8(AutoFocus) Dome IP Cam,4120,5400,3504,https://drive.google.com/open?id=1W1U-oRCuxBklrZNEmVM3YdOJcL-ERBBc&usp=drive_copy
,,9VCGSDGM5203GCATS03,? ? ? ?,??,DGM5203GCAT,5MP f2.8 Dome IP Cam,1900,2940,1612,https://drive.google.com/open?id=1k9yQGL-ZM7dpFmPGvf_34bFJZ3usvEso&usp=drive_copy
,,9VCGSDGM5203GCAT,? ? ? ?,??,DGM5203GCAT,5MP f3.6 Dome IP Cam,1880,2900,1590,https://drive.google.com/open?id=1k9yQGL-ZM7dpFmPGvf_34bFJZ3usvEso&usp=drive_copy
,,9VCGSDGM5546SVAT,? ? ? ?,??,DGM5546SVAT,5MP Motorized f2.8-12mm&F1.6-F2.2 Bullet IP Cam,3870,5400,3290,https://drive.google.com/open?id=14lzeZw5fLD1poCyubVVHL5geU5GNgASk&usp=drive_copy
,,9VCGSDGM5547AT,? ? ? ?,??,DGM5547AT,5MP Motorized f2.8-12mm Bullet IP Cam,3500,5400,2961,4
,,9VCGSDGM5643ASVT,? ? ? ?,??,DGM5643SVT,5MP Motorized f2.8-f12mm&F1.6-F2.8(AutoFocus) Bullet IP Cam,5080,7400,4322,https://drive.google.com/open?id=1QVHMohkOP9t5SEs4RitD76TPwvVyGQnk&usp=drive_copy
,,9VCGSDGM5757SVAT,? ? ? ?,??,DGM5757SVAT,5MP f5.0-50mm&F1.6-F2.2 Bullet IP Cam,5290,8000,4387,https://drive.google.com/open?id=1wU-bwGYO4zui1-1kwJsNg-1A_MZVWl6R&usp=drive_copy
,,9VCGSDGM5937SVAT,? ? ? ?,??,DGM5937SVAT,5MP f4.7-f94mm&F1.5-F4.0(AutoFocus) Bullet IP Cam,17180,26000,14258,https://drive.google.com/open?id=1bkCckTbJaqbwRJHEUYK-BOn5D63GcrNc&usp=drive_copy
,,9VCGSDGM5937T,? ? ? ?,??,DGM5937T,5MP f4.7-f155mm&F1.5-F4.0(AutoFocus) Bullet IP Cam,30400,46000,25225,https://drive.google.com/open?id=1y-hyAqfkVYHKTFGUdiE5_GVS-Bwob5zi&usp=drive_copy
,,9VCGSDGM8108SVATS03,? ? ? ?,??,DGM8108SVAT,8MP f2.8 Bullet IP Cam,3310,5000,2742,https://drive.google.com/open?id=19UEshL1LfMjPen9Crw0u13EdKwkaCKKq&usp=drive_copy
,,9CMOLCD24,? ? ? ?,??,KA242Y G0,24?????,4800,???,4298,https://drive.google.com/file/d/1t_AqhyShatGEsdARR0ZRa1WJ3T3A1ogo/view
,,9ECHBAI52UTD,? ? ? ?,??,9ECHBAI52U,[???????????]BA+TA???????i5??,29000,???,24000,https://drive.google.com/open?id=1ju7MDoRKPBNe_RaOWNKCmvW7qJd7gWlt&usp=drive_copy
,,9ECHBAI72UTD,? ? ? ?,??,9ECHBAI72U,[???????????]BA+TA???????i7??,31000,???,26000,https://drive.google.com/open?id=1-0_FNnixUk7IXJMAbSC4qYJGFrCvwAIf&usp=drive_copy
,,9ECHBAI5TW,? ? ? ?,??,9ECHBAI5TW,[??????????]BA+TA???????i5??,18500,27124,15677,https://drive.google.com/file/d/1oGfnVMe8Hev1jZDEqIzXTNhjO4V5vR_X/edit
,,9ECHBAI7TW,? ? ? ?,??,9ECHBAI7TW,[??????????]BA+TA???????i7??,42000,50000,33955,https://drive.google.com/open?id=1I0FRr5eJlJDXG3EpzTStOUSEUcGD6b3M&usp=drive_copy
,,9VPLPR002U+9VPGSSLC01,? ? ? ?,??,9VPLPR002U+9VPGSSLC01,[???????????i5??]+??????,33155,???,25000,https://drive.google.com/file/d/10D50CKw_iP97DRFvZyhYrp7E_3k_961b/edit
,,9COEHWIN10IOTV,? ? ? ?,??,9COEHWIN10IOTV,WINDOWS 10 ????,3500,???,???,
,,9TVI48USBRB,? ? ? ?,??,9TVI48USBRB,USB?????,1100,2000,750,https://drive.google.com/file/d/1skdzBSOFXmV2_fgSkFyn0BjLzn84Kh__/edit
,,9TVZCL01,? ? ? ?,??,9TVZCL01,???,250,336,207,https://drive.google.com/file/d/1Vo9sOSTxuAJASznn40tz6q8gsb5Sp6mh/edit
,,9TVZTJ53B,? ? ? ?,??,9TVZTJ53B,MIFARE???,18,12,12,https://drive.google.com/file/d/1pmfDb4aFZBI4BYNAYqra2Boju7N1_TTy/edit
,,9VPGSAH65C6D,? ? ? ?,??,9VPGSAH65C6D,H.265 ????????????,9040,13600,7677,https://drive.google.com/file/d/1m189-mnyyy0bDHDnOJZdJt3kRgKM-JUW/edit
,,FBR-2051P-TCP,? ? ? ?,??,FBR-2051P-TCP,LED???????,19000,28000,15991,https://drive.google.com/file/d/1nopXlz4xNArSro509gTqJBSI-0s8q2Y6/edit
,,TVI63711A,? ? ? ?,??,TVI63711A,??????(???????),2800,???,2300,https://drive.google.com/file/d/1fMnvLRqMV1SZV0eXrl5uOhyXYOf5_H34/edit
,,TVI63717,? ? ? ?,??,TVI63717,??????????(??????),3500,11000,2800,https://drive.google.com/file/d/1YFriTYgy20_ddoMLBxJPRBeV-8MKHrVz/edit
,,TVI63721,? ? ? ?,??,TVI63721,?????????,2000,3000,1600,https://drive.google.com/file/d/1W7vKni5GgaMNd7RtLbgej7V3uaICI6V4/edit
,,TVI63721,? ? ? ?,??,TVI63721,?????,2000,3000,1600,https://drive.google.com/file/d/1N-fEczt3ZODc8ClsFH7FVKxKw_LLm_bz/edit
,,TVI63722,? ? ? ?,??,TVI63722,QRcode?????,2500,3000,2000,https://drive.google.com/file/d/1HX6yMmcYCSZvqRNxS97laxeHRUy9VNIp/edit
,,TVI63763,? ? ? ?,??,TVI63763,IP????????(?SOS????),4300,10000,3500,https://drive.google.com/file/d/17taQxZJmUPYPZzXx94Zwny4ljq6fp9y6/edit
,,TVI63764,? ? ? ?,??,TVI63764,IP??????????(?SOS????),4600,10000,3800,https://drive.google.com/file/d/1_D7XZ60ocv3gEQWO4tkqXpOzinzEdMRI/edit
,,TVI63765,? ? ? ?,??,TVI63765,IP??????,4300,8000,3500,https://drive.google.com/open?id=1hb3tXhBx6ngWU4Do3dMV2hXvf0XiXJaz&usp=drive_copy
,,TVI63766,? ? ? ?,??,TVI63766,IP????????,4200,9200,3350,https://drive.google.com/file/d/1-DFoT2nNHhH9K1emneu1jkM83gQnefmU/edit
,,TVI8575BA,? ? ? ?,??,TVI8575BA,?????????,15000,???,11000,https://drive.google.com/file/d/12xxTrR0_pZc2-h4AA9VdsB1yLQsl4Zc9/edit
,,TVI8577BA,? ? ? ?,??,TVI8577BA,???????????,22000,40000,17778,https://drive.google.com/file/d/12Azk33sLu67dSREQQ6EfGiBjGT5NueXA/edit
,,TVI8718MBA,? ? ? ?,??,TVI8718MBA,????????????,20000,20000,16000,https://drive.google.com/file/d/1umoLn7lxobdsF8_azlJUVlDdtlTMwatg/edit
,,TVI8819,? ? ? ?,??,TVI8819,?????????,10500,20000,8000,https://drive.google.com/file/d/1KM4DvRqiyH9lyaQUpQPh7bQPzazw9h7u/edit
,,TVI9119,? ? ? ?,??,TVI9119,???????????,18000,25000,12000,https://drive.google.com/file/d/1bQDYykEwYWNbCOqx3Vo8hsPIiHVR6Jyx/edit
,,TVZE8718MA,? ? ? ?,??,TVZE8718MA,????????????_?????,20000,20000,16000,https://drive.google.com/file/d/1mx8lwvWxJx1ie4Pxo6r6XIbYv-bb2ce4/edit
,,9CWTG1016,? ? ? ?,??,G1016,16? 1Gbps RJ-45 ?????,1800,2000,1495,https://drive.google.com/open?id=1W7GHFlin7FcOOLH4ZEaGDcKEw1XulTqq&usp=drive_copy
,,9CWTG1024,? ? ? ?,??,G1024,24? 1Gbps RJ-45 ?????,2700,3000,2150,https://drive.google.com/open?id=1pg-QEZNdoryAgiuEL9m86SKZZ_WC_kmL&usp=drive_copy
,,9CWTG1026,? ? ? ?,??,G1026,24? 1Gbps RJ-45 +2? 1Gbps SFP ?????,3000,3300,2010,https://drive.google.com/open?id=1_LyWCbAHaIJ3pKpeB8wdasSKWhVOhYc9&usp=drive_copy
,,9CWTG2008,? ? ? ?,??,G2008,8? 1Gbps RJ-45 ?????,700,750,619,https://drive.google.com/open?id=1cW3HzA7u90_zdGVd6JUwMrGglsRWxrgl&usp=drive_copy
,,9CWTG2010,? ? ? ?,??,G2010,8? 1Gbps RJ-45 +2? 1Gbps SFP ?????,2500,4000,1700,https://drive.google.com/open?id=1uge9Fu45_QLtVK0MAuXs-pJE5f_q20od&usp=drive_copy
,,9WTFM0028,? ? ? ?,??,TFM0028,24? 1Gbps SFP +4? 10Gbps SFP ????????,27000,???,17000,https://drive.google.com/open?id=18UICuviHtpw_X5_u8UTsHftEP6RkFmCg&usp=drive_copy
,,9WTPM0802130,? ? ? ?,??,TPM0802-130,8? 1Gbps PoE RJ-45 +2? 1Gbps SFP ????????,5500,???,4450,https://drive.google.com/open?id=14NNZqZl6QYWkWXqbXlW0KVilpjpSZQfd&usp=drive_copy
,,9WTPM1602270,? ? ? ?,??,TPM1602-270,16? 1Gbps PoE RJ-45 +2? 1Gbps SFP ????????,7650,???,5500,https://drive.google.com/open?id=1IoBaqqLNw7HaxMegfgXdT8NzaITK9awR&usp=drive_copy
,,9WTPM2402430,? ? ? ?,??,TPM2402-430,24? 1Gbps PoE RJ-45 +2? 1Gbps SFP ????????,9900,???,7050,https://drive.google.com/file/d/1EX7zrqY-nVAFQqLgfAbNmZxhpCb1PVBF/edit
,,9WTPN0802130,? ? ? ?,??,TPN0802-130,8? 1Gbps PoE RJ-45 +2? 1Gbps SFP ???PoE?????,2600,???,1984,https://drive.google.com/file/d/10AB4FyoAeHqVgrKAwwWiJ3XJjA4XgngB/edit
,,9WTPN1602270,? ? ? ?,??,TPN1602-270,16? 1Gbps PoE RJ-45 +2? 1Gbps SFP ???PoE?????,5200,???,4030,https://drive.google.com/file/d/1-CgzQm76Ov9pKeCFJt4Avn0WBZoqZFd7/edit
,,9WTPN2402430,? ? ? ?,??,TPN2402-430,24? 1Gbps PoE RJ-45 +2? 1Gbps SFP ???PoE?????,6900,???,5450,https://drive.google.com/file/d/17w2V0hbjZ_CvgdtPpI76cYgv6lJ-CwRr/edit
,,9ZVV83112,? ? ? ?,??,VAT92104,4? 800? H.265 ?????DVR?AHD+TVI+CVI+CVBS+IP?,2100,3440,1946,https://drive.google.com/open?id=1FXf-WqHkFTWij0K5ioPTt1o38FPvdCSm&usp=drive_copy
,,9ZVV83225,? ? ? ?,??,VAT92108,8? 800? H.265 ?????DVR?AHD+TVI+CVI+CVBS+IP?,3200,5260,2975,https://drive.google.com/open?id=10AEvnW6rzeLuYZYc3LsJKFT0poRAVVtj&usp=drive_copy
,,9ZVV83432,? ? ? ?,??,VAT92216,16? 800? H.265 ?????DVR?AHD+TVI+CVI+CVBS+IP?,5400,8800,4977,https://drive.google.com/open?id=1szo-twy1PWTFyErikKdxvoyplO4sf7cK&usp=drive_copy
,,9VVT68109,? ? ? ?,??,VVT68109,9? H.265 ?????NVR,3750,???,3315,https://drive.google.com/open?id=1GQ4WgXPvmZ1XK5YskOemQ-HDOgH4XlKB&usp=drive_copy
,,9VVT68836,? ? ? ?,??,VVT68216,16? H.265 ?????NVR,6200,???,4895,https://drive.google.com/open?id=1cfNTSqqV6Fyq4hgKQZ3GspHnA4X7N7sO&usp=drive_copy
,,9VVT68216,? ? ? ?,??,VVT68836,36? H.265 ?????NVR,18200,???,16004,https://drive.google.com/open?id=1FHzYgoNwegwdy2ObLEBjYsUlgTdPGA84&usp=drive_copy
,,9TVI2050A,? ? ? ?,??,TVI2050A,*TVI2050A ?????????? (50???),38000,82000,2000,
,,9TVI2050SA,? ? ? ?,??,TVI2050SA,*TVI2050SA ??(I5)??(???)SA??PRO?,35000,82000,15000,
,,9TVI20200AJD,? ? ? ?,??,TVI20200AJD,TVI20200AJD TA????_???(200???),68000,100000,20546,
,,9TVI20200PJD,? ? ? ?,??,TVI20200PJD,TVI20200PJD TA????_???(200???),75000,115000,21224,
,,9TVI20200WJD,? ? ? ?,??,TVI20200WJD,TVI20200WJD ??? TA????_???(?APP)(200???),38000,75000,16031,
,,9TVI20200ACTD,? ? ? ?,??,TVI20200ACTD,TVI20200ACTD ??????TA????_???(200??),75000,90000,33610,
,,9TVI20200PCTD,? ? ? ?,??,TVI20200PCTD,TVI20200PCTD ??????_TA????_???(200???),85000,110000,34288,
,,9TVI20200A,? ? ? ?,??,TVI20200A,*TVI20200A ?????????? (200???),65000,150000,15000,
,,9TVI20200P,? ? ? ?,??,TVI20200P,*TVI20200P ?????????? (200???),75000,170000,15000,
,,9TVI20200C,? ? ? ?,??,TVI20200C,*TVI20200PC  ????????????? (200???),75000,170000,25000,
,,9TVI20200PC,? ? ? ?,??,TVI20200PC,*TVI20200PC  ????????????? (200???),85000,196000,2500,
,,9TVI20600AJD,? ? ? ?,??,TVI20600AJD,TVI20600AJD TA????_???(600???),70000,100000,20546,
,,9TVI20600PJD,? ? ? ?,??,TVI20600PJD,TVI20600PJD TA????_???(600???),80000,120000,21224,
,,9TVI20600ACTD,? ? ? ?,??,TVI20600ACTD,TVI20600ACTD ???_TA????_???(600???),80000,120000,35000,
,,9TVI20600PCTD,? ? ? ?,??,TVI20600PCTD,TVI20600PCTD ???_TA????_???(600???),90000,130000,35000,
,,9TVI20600A,? ? ? ?,??,TVI20600A,*TVI20600A ?????????? (600???),70000,160000,19000,
,,9TVI20600P,? ? ? ?,??,TVI20600P,*TVI20600P ?????????? (600???),80000,190000,20000,
,,9TVI20600C,? ? ? ?,??,TVI20600C,*TVI20600PC  ????????????? (600???),80000,184000,29000,
,,9TVI20600PC,? ? ? ?,??,TVI20600PC,*TVI20600PC  ????????????? (600???),80000,49072,30000,
,,9TVI202000A,? ? ? ?,??,TVI202000A,*TVI202000A ????????(2000???)???202000B,80000,190000,28500,
,,9TVI202000B,? ? ? ?,??,TVI202000B,*TVI202000B SIP?????APP??(2000??)???202000A,40000,100000,28500,
,,9TVI202000CA,? ? ? ?,??,TVI202000CA,*TVI202000CA ?????????????(2000???)?202000CB,65000,155000,36000,
,,9TVI202000CB,? ? ? ?,??,TVI202000CB,TVI202000CB SIP?????APP??(2000??)???202000CA,65000,310000,36000,
,,9TVI202000PCA,? ? ? ?,??,TVI202000PCA,*TVI202000CA ?????????????(2000???)?202000PCB,65000,360000,36000,
,,9TVI202000PCB,? ? ? ?,??,TVI202000PCB,TVI202000CB SIP?????APP??(2000??)???202000PCA,65000,???,36000,
,,9TVI202000PA,? ? ? ?,??,TVI202000PA,*TVI202000PA ???????? (2000???)???202000PB,90000,240000,27500,
,,9TVI202000PB,? ? ? ?,??,TVI202000PB,*TVI202000PB SIP?????APP??(2000??)???202000PA,40000,100000,27500,
,,9TVI202000ACTD,? ? ? ?,??,TVI202000ACTD,TVI202000ACTD ???_TA????_???(2000???),130000,190000,35000,
,,9TVI202000PCTD,? ? ? ?,??,TVI202000PCTD,TVI202000PCTD ???_TA????_???(2000???),140000,250000,34288,
,,9TGAC202B,? ? ? ?,??,9TGAC202B,AC????4???,480,520,360,
,,9TGCON10A,? ? ? ?,??,9TGCON10A,C????+???,220,250,188,
,,9TGJ200B,? ? ? ?,??,9TGJ200B,??200mm?(????),125,280,110,
,,9TGJ250B,? ? ? ?,??,9TGJ250B,??250mm?(????),125,280,105,
,,9TGJ300B,? ? ? ?,??,9TGJ300B,??300mm?(????),125,280,77.5,
,,9TGJ350B,? ? ? ?,??,9TGJ350B,??350mm?(????),125,280,77.5,
,,9TGJZ,? ? ? ?,??,9TGJZ,????25mm,180,220,125,
,,9TGPW12V1AB,? ? ? ?,??,9TGPW12V1AB,12V DC??????,550,600,421,
,,9TGRJ458B,? ? ? ?,??,9TGRJ458B,??8PORT??????,200,230,140,
,,9TGSH8PG,? ? ? ?,??,9TGSH8PG,8?100M/1000M8????,1000,1200,763,
,,9TGTE110B,? ? ? ?,??,9TGTE110B,208???????,450,600,365,
,,9TGTE210B,? ? ? ?,??,9TGTE210B,102???????????,460,520,357,
,,9TGTV106B,? ? ? ?,??,9TGTV106B,106?????????????,360,420,304,
,,9EBAEUJESCADA01AG,? ? ? ?,??,ESCADA01-AG Standalone,????????500?,140000,200000,109673,
,,9EBAEUJZD160AG,? ? ? ?,??,ZD160-AG,DDC?????,11000,14400,7897,
,,9EBAEUJZD161AG,? ? ? ?,??,ZD161-AG,16????????,3000,4000,2194,
,,9EBAEUJZD162AG,? ? ? ?,??,ZD162-AG,16????????,3000,4000,2194,
,,???,? ? ? ?,??,ZC190-0,???????????, ,???,???,
,,???,? ? ? ?,??,AN204-1,????,850,???,???,https://drive.google.com/file/d/1uZdqTFsi5-mPl5DSyVCgj4nBezXFGdaH/view
,,???,? ? ? ?,??,TR110-0,?????,,???,???,https://drive.google.com/open?id=1o1R8MuZLEbyceebTjTkSI24vFkM2DfS_&usp=drive_copy
,,???,? ? ? ?,??,ZC180-0,?????,9200,???,???,https://drive.google.com/file/d/1lxso0i6AAEB-wSGOtO5Fi55NKhEodUIm/view
,,9ZCT19I10U500D,? ? ? ?,??,9ZCT19I10U500D,*19? 10U(D:500mm)?????,5200,6500,4421,
,,9ZCT19I10U500DNWA,? ? ? ?,??,9ZCT19I10U500DNWA,*19? 10U(D:500mm)?????,6000,8400,4610,
,,9ZCT19I12U500D,? ? ? ?,??,9ZCT19I12U500D,*19? 12U(D:500mm)?????,5700,9000,4845,
,,9ZCT19I12U500DNWA,? ? ? ?,??,9ZCT19I12U500DNWA,*19? 12U(D:500mm)?????,6500,9400,5263,
,,9ZCT19I15U500DNWA,? ? ? ?,??,9ZCT19I15U500DNWA,*19? 15U(D:500mm)?????,7000,10000,5850,
,,9ZCT19I15U600D,? ? ? ?,??,9ZCT19I15U600D,*19? 15U(D:600mm)?????,11200,13200,9795,
,,9ZCT19I15U600DW,? ? ? ?,??,9ZCT19I15U600DW,*19? 15U(D:600mm)?????,7000,8500,6391.75,
,,9ZCT19I20U900D,? ? ? ?,??,9ZCT19I20U900D,*19? 20U(D:900mm)?????,15500,17500,13400,
,,9ZCT19I25U1000D,? ? ? ?,??,9ZCT19I25U1000D,*19? 25U(D:1000)?????,16350,27000,13920,
,,9ZCT19I25U750D,? ? ? ?,??,9ZCT19I25U750D,*19? 25U(D:750mm)?????,13500,???,11860,
,,9ZCT19I35U1000D,? ? ? ?,??,9ZCT19I35U1000D,*19? 35U(D:1000mm)?????,15200,20000,12887,
,,9ZCT19I41U1000D,? ? ? ?,??,9ZCT19I41U1000D,*19? 41U(D:1000mm)?????,20000,25000,17766,
,,9ZCT19I41U1100D,? ? ? ?,??,9ZCT19I41U1100D,*19? 41U(D:1100mm)?????,24000,30000,21320,
,,9ZCT19I41U600D,? ? ? ?,??,9ZCT19I41U600D,*19? 41U(D:600mm)?????,18000,22000,16000,
,,9ZCT19I41U700D,? ? ? ?,??,9ZCT19I41U700D,*19? 41U(D:700mm)?????,16500,28000,14736,
,,9ZCT19I41U750D,? ? ? ?,??,9ZCT19I41U750D,*19? 41U(D:750mm)?????,18000,20000,14950,
,,9ZCT19I41U800D,? ? ? ?,??,9ZCT19I41U800D,*19? 41U(D:800mm)?????,18000,???,15789,
,,9ZCT19I41U,? ? ? ?,??,9ZCT19I41U,*19? 41U(D:900mm)?????,14200,???,12700,
,,9ZCT19I42U600D,? ? ? ?,??,9ZCT19I42U600D,*19? 42U(D:600mm)?????,16500,20000,14000,
,,9ZCT19I6U300D,? ? ? ?,??,9ZCT19I6U300D,*19? 6U(D:300mm)?????,3800,5000,3200,
,,9ZCT19I6U500D,? ? ? ?,??,9ZCT19I6U500D,*19? 6U(D:500mm)?????,4200,5600,3520,
,,9ZCT19I6U500DNWA,? ? ? ?,??,9ZCT19I6U500DNWA,*19? 6U(D:500mm)?????,4500,???,3950,
,,9ZCT19I6U600D,? ? ? ?,??,9ZCT19I6U600D,*19? 6U(D:600mm)?????,3900,???,3789,
,,9ZCT19I8U500D,? ? ? ?,??,9ZCT19I8U500D,*19? 8U(D:500mm)?????,4060,5650,3402,
,,9ZCT19I8U600D,? ? ? ?,??,9ZCT19I8U600D,*19? 8U(D:600mm)?????,5300,7000,4500,
,,9EG3MSS1,? ? ? ?,????,SS-1,?????,47,66,35.1,https://drive.google.com/open?id=1ZCdn18vDX576Eg3m0NDvolrRkdo_ry4i&usp=drive_copy
,,9S3MWRTWKO1000,? ? ? ?,????,WR-TW-KO1000,?????,2850,4700,2500,https://drive.google.com/open?id=1YnLRdpom4su0yAGKRpTYIJ3rx5hOxwVG&usp=drive_copy
,,9EG3MB3P,? ? ? ?,????,B-3P,?????,857,1200,638,https://drive.google.com/open?id=1koFx945CMNsUztpNFhMaikXkj83LKiRn&usp=drive_copy
,,???,? ? ? ?,??,Palert Q332,?????(P?),???,???,???,https://drive.google.com/open?id=13AULl87zHZJKDmYYp-IczcqV5P7caeBm&usp=drive_copy
,,???,? ? ? ?,??,PX-01,??????????,???,???,???,https://drive.google.com/open?id=1o3B_-6_qxU3J2xpdCVjjOrVepzLN3Rzu&usp=drive_copy
,,???,? ? ? ?,??,LS5-SUS304-1PF-ST,?????,???,???,???,https://drive.google.com/open?id=1OhbnahVUfXC1X-xRH5eEdEEy6Y6kwmq_&usp=drive_copy
,,???,? ? ? ?,??????,????????,???????????????(?????????????????),???,???,???,https://drive.google.com/open?id=1X8Yr2MdKKW1FLu0BVoRD6ZcQhmHt05f6&usp=drive_copy
,,???,? ? ? ?,??,ASWSXF900,???????(?????????),???,???,???,https://drive.google.com/open?id=14AAq_b70PWdH9uT9bpX2p6xR2kO8oDoF&usp=drive_copy
,,???,? ? ? ?,??,RSN25C05,???????,???,???,???,https://drive.google.com/open?id=13KhrLuWnReZGoTzVWjdm1R4HOOZwBZx4&usp=drive_copy
,,???,? ? ? ?,??,AT-R1,??????,???,???,???,https://drive.google.com/open?id=1NYuvNhCzZWWfwTS9_LG_jRKm2sMQsLhS&usp=drive_copy
,,???,? ? ? ?,??,STR-101,??????,3600,5720,3137,https://drive.google.com/open?id=1cUkNZbTAHiwVUDfecT-4yFlRd_O6-KxZ&usp=drive_copy
,,9EYRDST75,? ? ? ?,??,ST-70AB,??????,1571,2200,1170,https://drive.google.com/open?id=17MDWE8714sZYI-MeIVzrkoE1HdJ5cL3b&usp=drive_copy
,,9EGTGST810AR,? ? ? ?,??,ST-810,???????????? ,2286,3200,1791,https://drive.google.com/open?id=1Y6LVomd-6MtcnRBb54FkStBlo-xEyr8R&usp=drive_copy
,,9EMURSMC25,? ? ? ?,??,MC-25A,????,75,120,62,https://drive.google.com/open?id=10Qc9HObmmZEaYp2kCkdWK7BkOz0K4u0m&usp=drive_copy
,,9EGTGMCL41,? ? ? ?,??,MC-41A,????,86,120,63.8,https://drive.google.com/open?id=10Qc9HObmmZEaYp2kCkdWK7BkOz0K4u0m&usp=drive_copy
,,???,? ? ? ?,??,ST-880,??????,170,???,???,https://drive.google.com/open?id=1ZPlcm3taagphAAybHjX3lGIdErhUfhuD&usp=drive_copy
,,9EBAETZ8166,? ? ? ?,TEND,TZ-8166,??????,390,410,324,https://drive.google.com/open?id=1Nthg613_bBh_J-J_jHa52beuHqN0sQ2s&usp=drive_copy
,,9VZWD102PURP,? ? ? ?,??,WD102PURP,10TB 512MB ????,8800,9860,8375,https://drive.google.com/open?id=1IGorAlCCpcEQ_k13Ta52gy5qwAATcV88&usp=drive_copy
,,9VZWD121PURP,? ? ? ?,??,WD121PURP,12TB 256MB ????,11750,12130,9641,https://drive.google.com/open?id=1A5zNAyPKQ9WXPkw4y6wFbAHZ3HlO3eCD&usp=drive_copy
,,9VZWD142PURP,? ? ? ?,??,WD142PURP,14TB 512MB ????,11600,12900,10978,https://drive.google.com/open?id=1ysno9KHD2nDBaJ1eAkl8Zhlqzquvz9oi&usp=drive_copy
,,9VZWD181PURP,? ? ? ?,??,WD181PURP,18TB 512MB ????,15980,16490,13520,https://drive.google.com/open?id=1UfBAhtqBrwbdlVGhKifUq_4SDmgRbYWn&usp=drive_copy
,,9VZWD11PURZ,? ? ? ?,??,WD11PURZ,1TB 64MB ????,1730,1820,1640,https://drive.google.com/open?id=1tuJHslWBH2ltyuWkhYDRskg6rtZ13rb0&usp=drive_copy
,,9VZWD23PURZ,? ? ? ?,??,WD23PURZ,2TB 64MB ????,2100,2220,1995,https://drive.google.com/open?id=1UNQUEFrOyild6vlil93TYP4gQfpwMLA6&usp=drive_copy
,,9VZWD33PURZ,? ? ? ?,??,WD33PURZ,3TB 256MB ????,2690,3000,2549,https://drive.google.com/open?id=1Taz2H2mMqS_AcZ7irslvTMBPEntjujpa&usp=drive_copy
,,9VZWD43PURZ,? ? ? ?,??,WD43PURZ,4TB 256MB ????,3150,3350,2992,https://drive.google.com/open?id=1cL_R1kEQlvRJtyPnEFtINktN5Ujzga21&usp=drive_copy
,,9VZWD64PURZ,? ? ? ?,??,WD64PURZ,6TB 256MB ????,5370,5900,5098,https://drive.google.com/open?id=1fDvGqosQdCJMlJkt-R6k220smdx_VeUO&usp=drive_copy
,,9VZWDG84PURZ,? ? ? ?,??,WD84PURZ,8TB 128MB ????,6750,6900,5922,https://drive.google.com/open?id=1mp7lXCP4b53FLqrKMQYiO_NPKfOCghuE&usp=drive_copy
,,9VZWDG85PURZ,? ? ? ?,??,WD85PURZ,8TB 256MB ????,6700,7500,6338,https://drive.google.com/open?id=1uPfTClb29tnZ7zdiKonSlv71tNxAPYxR&usp=drive_copy
,,9VZWD8001PURP,? ? ? ?,??,WD8002PURP,8TB 256MB ????,6700,7500,6338,https://drive.google.com/open?id=1j_BEuL7VNZCp0M4CiATctnNNTqU4Yfqm&usp=drive_copy
,,,? ? ? ?,??,SFP10G-T,10 Gigabit SFP+,,,,https://drive.google.com/open?id=1hEQl9JmLb-MffajoPPNMh441X1zuuwU5&usp=drive_copy
,,,? ? ? ?,??,XS1930-12F,10-port 10G Smart Managed Fiber Switch,,,,https://drive.google.com/open?id=1D1oUDZ9PxLzE2us-lQfZ_jc6hiQ77w1N&usp=drive_copy
,,,? ? ? ?,??,RGS200-12P,12?GbE???PoE???,,,,https://drive.google.com/open?id=1cd_OdU4EM55YdFNtR1vAmPkppQwLNSeE&usp=drive_copy
,,9CWHCGS135018HP,? ? ? ?,??,GS1350-18HP,16?GbE????????,16260,18500,13819,https://drive.google.com/open?id=1FpqW_haTlXPGsm7sNycspviQjJ6GIBx7&usp=drive_copy
,,9CWHCGS190016,? ? ? ?,??,GS1900-16,16?GbE????????,4000,3999,3675,https://drive.google.com/open?id=1iG-3-j4Sw1yOmyKXl1kTN7IrUASKLYzj&usp=drive_copy
,,,? ? ? ?,??,XMG1930-30HP,24?2.5G L2 PoE????????,,,,https://drive.google.com/open?id=1-trdkdH6URpOSdJx5cRed4IsAuiqK-sL&usp=drive_copy
,,,? ? ? ?,??,XMG1930-30,24?2.5G L2????????,,,,https://drive.google.com/open?id=1N-xh0zcMZUwPFZH9EU_vZ43_XNi3wIlN&usp=drive_copy
,,9CWHCGS222028HP,? ? ? ?,??,GS2220-28HP,24?GbE L2 PoE???,23500,40000,19741,https://drive.google.com/open?id=1QXDEho4zCah4LkK2qDoMry3R0stFn6Uf&usp=drive_copy
,,9CWHCGS222028,? ? ? ?,??,GS2220-28,24?GbE L2???,12400,15500,10146,https://drive.google.com/open?id=1cdDC1vb5DxQz9CIIe4JX5X5ic4wvOK2f&usp=drive_copy
,,9CWHCXGS222030HP,? ? ? ?,??,XGS2220-30HP,24?GbE L3??PoE+???,63000,80000,53752,https://drive.google.com/open?id=1OkO6qnU8jSIIYm0Jyj9ofkCKPha7Pgt0&usp=drive_copy
,,9CWHCXGS222030,? ? ? ?,??,XGS2220-30,24?GbE L3?????,29600,40000,23031,https://drive.google.com/open?id=1auKFJ5lnWUgga0mRGePkku4HZwnOiMie&usp=drive_copy
,,9CWHCXGS193528,? ? ? ?,??,XGS1935-28,24?GbE Lite-L3????????,12800,22000,12064,https://drive.google.com/open?id=1S0aAHP5WeQ0odyKPE4zahrJkplAM-WIw&usp=drive_copy
,,9CWHCXGS193528HP,? ? ? ?,??,XGS1935-28HP,24?GbE PoE Lite-L3????????,24000,40000,21935,https://drive.google.com/open?id=1rBs0fIlgaCSfq4w8be_6aOr-q1gE3p4j&usp=drive_copy
,,9CWHCGS190024E,? ? ? ?,??,GS1900-24EP,24?GbE?????PoE???,5500,8700,4146,https://drive.google.com/open?id=1dTKY8jdJKJqHM2JWa_25_lHPtYn_t3yZ&usp=drive_copy
,,9CWHCGS190024HP,? ? ? ?,??,GS1900-24HPv2,24?GbE?????PoE???,16700,10930,14433,https://drive.google.com/open?id=122XzlxKnFGEXD1c0NSY4JEHIAZmXXyon&usp=drive_copy
,,9CWHCGS192024HP,? ? ? ?,??,GS1920-24HPv2,24?GbE?????PoE???,17820,27000,16115,https://drive.google.com/open?id=1xDcJhyOj-QD_hGVHPGkJ6EW4LFjQAs1i&usp=drive_copy
,,9CWHCGS135026HP,? ? ? ?,??,GS1350-26HP,24?GbE????????,19000,22500,17275,https://drive.google.com/open?id=1ncDOHYUQp-Vo2rv7w4xcV6112rA9VqUg&usp=drive_copy
,,9CWHCGS190024,? ? ? ?,??,GS1900-24,24?GbE????????,5500,6000,5125,https://drive.google.com/open?id=1IaN-_BaG04NxJj3w2Koq0lTLqyrnkLjz&usp=drive_copy
,,9CWHCGS190024E,? ? ? ?,??,GS1900-24E,24?GbE????????,5500,8700,4146,https://drive.google.com/open?id=1D82A9qXUhugJsc0M9T4rRJl2maHFP6SO&usp=drive_copy
,,9CWHCGS192024V2,? ? ? ?,??,GS1920-24v2,24?GbE????????,10800,17000,9684,https://drive.google.com/open?id=16RV92dfyQjZfRQCh6PCD1k2KGqICYiqv&usp=drive_copy
,,,? ? ? ?,??,GS1100-24,24?GbE??????,,,,https://drive.google.com/open?id=1s3mTI-ACYgVCvds4I2eal_U9rqgKI8qS&usp=drive_copy
,,,? ? ? ?,??,GS1100-24E,24?GbE??????,,,,https://drive.google.com/open?id=1F1XPsyTAqix2xRJJQ7T6q7AM6PWZlK6U&usp=drive_copy
,,,? ? ? ?,??,XGS2220-30F,24?SFP L3?????,,,,https://drive.google.com/open?id=1C_uS8e-sgkaS0PBXcXEAr9aYnkuBGXhq&usp=drive_copy
,,,? ? ? ?,??,XGS4600-32,28?GbE L3??????,,,,https://drive.google.com/open?id=1hsA5In3drrjIDZOraS3_wHKYSf3XdsMG&usp=drive_copy
,,,? ? ? ?,??,XGS4600-32F,28?GbE L3????????,,,,https://drive.google.com/open?id=1YMr1y4etMLJtZqHcEsBWFd08W5jsWRPu&usp=drive_copy
,,,? ? ? ?,??,GS2220-50HP,48?GbE L2 PoE???,,,,https://drive.google.com/open?id=197iyT3Q4untKLUEtfMUQfiQw6dWVR42A&usp=drive_copy
,,,? ? ? ?,??,GS2220-50,48?GbE L2???,,,,https://drive.google.com/open?id=1MehjJcsC0zGioUeFI8AljbZzrAeyCIfO&usp=drive_copy
,,,? ? ? ?,??,XGS2220-54FP,48?GbE L3??PoE+???,,,,https://drive.google.com/open?id=1GjIxOr7_QXdiKANKl-i9KY8y80Jn5O8O&usp=drive_copy
,,,? ? ? ?,??,XGS2220-54HP,48?GbE L3??PoE+???,,,,https://drive.google.com/open?id=18jlwmMziXqOT0qXxQv8Zhu4_6eo7mK8s&usp=drive_copy
,,,? ? ? ?,??,XGS2220-54,48?GbE L3?????,,,,https://drive.google.com/open?id=1GO-ZK3lRianKHg9pkSp34Q3bveDDlCX4&usp=drive_copy
,,,? ? ? ?,??,XGS4600-52F,48?GbE L3????????,,,,https://drive.google.com/open?id=1nzhunOYj22zo5kObYNoPK38xax08Pkd9&usp=drive_copy
,,,? ? ? ?,??,XGS1935-52,48?GbE Lite-L3????????,,,,https://drive.google.com/open?id=1EHi-DYx6_bekJMb1gmnhyniyYcc91tB9&usp=drive_copy
,,,? ? ? ?,??,XGS1935-52HP,48?GbE PoE Lite-L3????????,,,,https://drive.google.com/open?id=1KLM2pjC_aePR_rCxOH8QLnmT1k06UKI6&usp=drive_copy
,,,? ? ? ?,??,GS1900-48HPv2,48?GbE?????PoE???,,,,https://drive.google.com/open?id=1bvWSdv8P0imgmQgFXtByJJ_4Avg0Goac&usp=drive_copy
,,,? ? ? ?,??,GS1920-48HPv2,48?GbE?????PoE???,,,,https://drive.google.com/open?id=172229yG0WD6m_90wJBReoYw35xWCmOFD&usp=drive_copy
,,,? ? ? ?,??,GS1900-48,48?GbE????????,,,,https://drive.google.com/open?id=1xnOY9glsX7j2jWvPJcabpbJzSjMKKX5t&usp=drive_copy
,,,? ? ? ?,??,GS1920-48v2,48?GbE????????,,,,https://drive.google.com/open?id=1MNsgIK-paWtkwQJY7qopGez-L0KzqayZ&usp=drive_copy
,,,? ? ? ?,??,XMG-105HP,5?2.5GPoE ??????,,,,https://drive.google.com/open?id=1AHyPm6by04li1LDmpxX0dUsxuwPh_mwt&usp=drive_copy
,,,? ? ? ?,??,XMG-105,5?2.5G??????,,,,https://drive.google.com/open?id=1ZnurxakJMZzkf97j1I6Alp5fzYbOWVad&usp=drive_copy
,,,? ? ? ?,??,GS1350-6HP,5?GbE PoE????????,,,,https://drive.google.com/open?id=1NrMrkZvO6Mp-5foXcL900vJ3Pyk3-4O7&usp=drive_copy
,,,? ? ? ?,??,RGS100-5P,5?GbE???PoE???,,,,https://drive.google.com/open?id=1ByH3kT-eaRERrU6QExUs85fNEhkXpGkv&usp=drive_copy
,,,? ? ? ?,??,GS-105B v5,5?GbE??????,,,,https://drive.google.com/open?id=1JCqwrlIgkHVq2D2E-KKcTLZC3um2WpXW&usp=drive_copy
,,,? ? ? ?,??,GS1005HP,5?GbE????PoE???,,,,https://drive.google.com/open?id=1W2ZxIiz7tjBr8GI86Eh2zrIBHd_vLm33&usp=drive_copy
,,,? ? ? ?,??,WAX650S,802.11ax (WiFi 6) ??????????????,,,,https://drive.google.com/open?id=1KO2dt38kDRdsTiq1pJ89lVb6rixs2_CZ&usp=drive_copy
,,,? ? ? ?,??,WAX510D,802.11ax (WiFi 6) ????????????,,,,https://drive.google.com/open?id=1qr_zP4WPy0gmTJLWfiyw1yv4gbjhy-aZ&usp=drive_copy
,,,? ? ? ?,??,XS1930-12HP,8-port Multi-Gigabit Smart Managed PoE,,,,https://drive.google.com/open?id=11YFgWbAo6e_22cmMCvAj8OWwjuRU2fHF&usp=drive_copy
,,,? ? ? ?,??,XS1930-10,8-port Multi-Gigabit Smart Managed Switch,,,,https://drive.google.com/open?id=1mDxFa0EoRl2dEkBORGYgQfaZxEzM2lCO&usp=drive_copy
,,,? ? ? ?,??,XMG-108HP,8?2.5GPoE ??????,,,,https://drive.google.com/open?id=1XF-mrQP2cyAB858Ar4UNHQrocTMa9ygS&usp=drive_copy
,,,? ? ? ?,??,XMG-108,8?2.5G??????,,,,https://drive.google.com/open?id=1u48x5nmrzV_ZD86yHklST0QDO66Kp0cg&usp=drive_copy
,,,? ? ? ?,??,GS2220-10HP,8?GbE L2 PoE???,,,,https://drive.google.com/open?id=1kUxz9ePDcbm6-OoocPK7P9idShZ9sOwU&usp=drive_copy
,,,? ? ? ?,??,GS2220-10,8?GbE L2???,,,,https://drive.google.com/open?id=1ivSynHvzkVHxFGZS4DBZVwYSeD1rmGYJ&usp=drive_copy
,,9CWHCGS190010HP,? ? ? ?,??,GS1900-10HP,8?GbE?????PoE???,7500,9000,7000,https://drive.google.com/open?id=1q4q-LCpe80rKuYmkOl-Or8k1gO-mBeKT&usp=drive_copy
,,9CWHCGS19008HP,? ? ? ?,??,GS1900-8HP,8?GbE?????PoE???,6100,8000,5470,https://drive.google.com/open?id=1YRluVFBQeEiiY4kOF-5UlTUzMQzq_xbi&usp=drive_copy
,,,? ? ? ?,??,GS1920-8HPv2,8?GbE?????PoE???,,,,https://drive.google.com/open?id=10drAYu69BHbQ3i6PeFfUNBnxK6Sq_6ax&usp=drive_copy
,,,? ? ? ?,??,GS1350-12HP,8?GbE????????,,,,https://drive.google.com/open?id=1F9MTGnL-kx5MWGv0wlJ8Y7v_ij4yihPe&usp=drive_copy
,,9CWHCGS19008,? ? ? ?,??,GS1900-8,8?GbE????????,2235,3900,2010,https://drive.google.com/open?id=1wIDeTq34Og1ioNiXyL927l0DIZO0YCJh&usp=drive_copy
,,,? ? ? ?,??,GS1100-10HP,8?GbE???PoE???(?Gigabit SFP),,,,https://drive.google.com/open?id=1vchPqlUUlWWTEOIShet2A5ck2TOjH8im&usp=drive_copy
,,,? ? ? ?,??,GS-108B v5,8?GbE??????,,,,https://drive.google.com/open?id=10_VEStJBAbM7eIXDegGfA17UzjV2yhLh&usp=drive_copy
,,,? ? ? ?,??,GS1008HP,8?GbE????PoE???,,,,https://drive.google.com/open?id=1fhYKUGWtGzTkR78TSre1S20HfhyUm75u&usp=drive_copy
,,,? ? ? ?,??,USG-FLEX-100,ZyWALL USG FLEX FIREWALL,,,,https://drive.google.com/open?id=1s4PCFcIkkUWYf909jfnnaojqRCPE_6S5&usp=drive_copy
,,,? ? ? ?,??,USG-FLEX-100W,ZyWALL USG FLEX FIREWALL,,,,https://drive.google.com/open?id=1AUX-94B8fbP1f7oIhl8jRh9QoIXi1OXu&usp=drive_copy
,,,? ? ? ?,??,USG-FLEX-200,ZyWALL USG FLEX FIREWALL,,,,https://drive.google.com/open?id=1XaXH4LkN5K2v62Zafbs7gO-xkTnUxWk6&usp=drive_copy